{"cameraMode":{"drawMode":0,"name":"Shaded","section":"Shading Mode"},"sceneLighting":false,"audioPlay":false,"sceneViewState":{"showFog":true,"showMaterialUpdate":false,"showSkybox":false,"showFlares":true,"showImageEffects":true,"showParticleSystems":true},"in2DMode":false,"pivot":{"x":-0.9969736337661743,"y":0.2821274995803833,"z":0.44278115034103396},"rotation":{"x":-0.1607329547405243,"y":0.0831136554479599,"z":-0.013488426804542542,"w":-0.9834474921226502},"size":2.8374781608581545,"orthographic":false}