{"cameraMode":{"drawMode":0,"name":"Shaded","section":"Shading Mode"},"sceneLighting":false,"audioPlay":false,"sceneViewState":{"showFog":true,"showMaterialUpdate":false,"showSkybox":false,"showFlares":true,"showImageEffects":true,"showParticleSystems":true},"in2DMode":false,"pivot":{"x":13.600006103515625,"y":23.317960739135743,"z":1.0},"rotation":{"x":0.10296987742185593,"y":-0.29496341943740847,"z":-0.031897298991680148,"w":-0.9494564533233643},"size":1.9821882247924805,"orthographic":false}